{"accuracy": 1.0, "feature_importances": [0.1041050070611777, 0.04460498814966301, 0.4173081338019912, 0.43398187098716823]}